Graduate Students | Jack Baskin School of Engineering Skip to main content Stay Informed:Baskin Engineering COVID-19 Information and ResourcesCampus Roadmap to RecoveryZoom Links: Zoom Help | Teaching with Zoom | Zoom Quick Guide Jack Baskin School of Engineering Technology for a Changing World Navigation Home About Us Academics DepartmentsApplied Mathematics Biomolecular EngineeringPeopleFaculty Graduate Students Researchers Staff Alumni Programs Research Frequently Asked Questions Computational Media Computer Science and Engineering Electrical and Computer Engineering Statistics Degree Programs People Research Quick Links Departments :: Biomolecular Engineering :: PeopleGraduate Students A B C D E F G H I J K L M N O P Q R S T U V W X Y Z A Matthew Adams E-Mail Matthew Adams Stephanie Rose Aguiar E-Mail Stephanie Rose Aguiar Jon Kohichi Akutagawa E-Mail Jon Kohichi Akutagawa Ioannis Anastopoulos E-Mail Ioannis Anastopoulos Joel Cory Armstrong E-Mail Joel Cory Armstrong Mobin Asri E-Mail Mobin Asri B Alex L Bagi E-Mail Alex L Bagi Andrew D Bailey IV E-Mail Andrew D Bailey IV 925-858-5261 PSB 408 Neve Baker E-Mail Neve Baker Colleen Bosworth E-Mail Colleen Bosworth Nasreen Broomand E-Mail Nasreen Broomand C Daniel Carlin E-Mail Daniel Carlin David Andrew Robert Carrillo E-Mail David Andrew Robert Carrillo James Andrew Casaletto E-Mail James Andrew Casaletto Guillermo A Chacaltana Eldredge E-Mail Guillermo A Chacaltana Eldredge Xian Hui Chang E-Mail Xian Hui Chang Gepoliano dos Santos Chaves (Geo) E-Mail Gepoliano dos Santos Chaves (Geo) Samuel Chen E-Mail Samuel Chen Alexander Choi E-Mail Alexander Choi Cecilia Taggi Cisar E-Mail Cecilia Taggi Cisar Charles Kenneth Scott Cole E-Mail Charles Kenneth Scott Cole D andrew e. davidson E-Mail andrew e. davidson Elizabeth DeVogelaere E-Mail Elizabeth DeVogelaere Zafrin Zahin Dhali E-Mail Zafrin Zahin Dhali Jenny Draper E-Mail Jenny Draper Danilo Dubocanin E-Mail Danilo Dubocanin Kenneth Durbin E-Mail Kenneth Durbin Megan Wallace Durham E-Mail Megan Wallace Durham E Jordan Michael Eizenga E-Mail Jordan Michael Eizenga Graduate Student PSB 213 Matthew Arthur Thomas Elliott E-Mail Matthew Arthur Thomas Elliott F Deanna Roseli Fedash E-Mail Deanna Roseli Fedash Colette Felton E-Mail Colette Felton Verena Friedl E-Mail Verena Friedl Ph.D. Candidate PSB 309 2300 Delaware, B282 Alastair Fyfe E-Mail Alastair Fyfe G Henry Gong E-Mail Henry Gong H David Haan E-Mail David Haan Graduate Student Erik Hanson E-Mail Erik Hanson Marina Elizabeth Haukness E-Mail Marina Elizabeth Haukness Samantha Noel Hershauer E-Mail Samantha Noel Hershauer Ryan N. Hoffman E-Mail Ryan N. Hoffman PhD Student (916) 770-5592 Andrew Holmes E-Mail Andrew Holmes Junior Specialist, Biomolecular Engineering Craig Hunter E-Mail Craig Hunter J Miten Jain E-Mail Miten Jain Assistant Research Scientist 8314592315 JBE#260 JBE#217 JBE#205 Maria Guadalupe Juarez E-Mail Maria Guadalupe Juarez K Nicholas Keener E-Mail Nicholas Keener Alexander Michael Kramer E-Mail Alexander Michael Kramer Nicholas Edward Kreusser E-Mail Nicholas Edward Kreusser L Alissa Nicole Lance-Byrne E-Mail Alissa Nicole Lance-Byrne PhD Student Sarah Brianne De Marino Lanning E-Mail Sarah Brianne De Marino Lanning Victoria Le E-Mail Victoria Le Jesse Sebastian Leavitt E-Mail Jesse Sebastian Leavitt Eunnie Lee E-Mail Eunnie Lee Keewon Lee E-Mail Keewon Lee Cindy E Liang E-Mail Cindy E Liang Brian Lin E-Mail Brian Lin Akshar Venkatramanan Lohith E-Mail Akshar Venkatramanan Lohith Graduate Student - PBSE BMEB Junior Specialist Alina Alt Lombardi E-Mail Alina Alt Lombardi 415-3057850 Nicholas Lorig-Roach E-Mail Nicholas Lorig-Roach Lauren Lui E-Mail Lauren Lui (831) 459-5128 (831) 459-3099 Physical Sciences Building 319, Biomed 0134 M Eric Malekos E-Mail Eric Malekos Aidan Manning E-Mail Aidan Manning Gary Lee Mantalas E-Mail Gary Lee Mantalas PhD Candidate Charles Joseph Markello E-Mail Charles Joseph Markello E2 505 Thomas J Matthew E-Mail Thomas J Matthew Nathan Maulding E-Mail Nathan Maulding Jakob Daniel McBroome E-Mail Jakob Daniel McBroome Paloma Medina E-Mail Paloma Medina 831-459-3009 Rachel Marie Mendelson E-Mail Rachel Marie Mendelson Lena Meyer E-Mail Lena Meyer mgenetti E-Mail mgenetti 831-218-5120 Sinsheimer 137A Ryan Michael Modlin E-Mail Ryan Michael Modlin Letitia Mueller E-Mail Letitia Mueller PhD Student Dennis Russell Mulligan E-Mail Dennis Russell Mulligan Logan Moran Mulroney E-Mail Logan Moran Mulroney N Santrupti Nerli E-Mail Santrupti Nerli Remy Nghi Hoang Nguyen E-Mail Remy Nghi Hoang Nguyen O Jonas Oppenheimer E-Mail Jonas Oppenheimer P Zeal panchal E-Mail Zeal panchal David Parks E-Mail David Parks 510-366-5302 vikas peddu E-Mail vikas peddu Trevor Pesout E-Mail Trevor Pesout PSB 213 R Arjun Arkal Rao E-Mail Arjun Arkal Rao E2 507A Roman Reggiardo E-Mail Roman Reggiardo Alessandra Rodriguez y Baena E-Mail Alessandra Rodriguez y Baena 323-205-0936 Yohei M Rosen, MD E-Mail Yohei M Rosen, MD PhD Candidate Robin Leslie Rounthwaite E-Mail Robin Leslie Rounthwaite S Rojin Safavi E-Mail Rojin Safavi Ph.D. Candidate Brandon Treacy Person Saint-John E-Mail Brandon Treacy Person Saint-John Lauren Marie Sanders E-Mail Lauren Marie Sanders PhD Candidate Sinsheimer Laboratories, Room 204 Nedda F. Saremi E-Mail Nedda F. Saremi PhD candidate Nathan Kelley Schaefer E-Mail Nathan Kelley Schaefer Kayla Schimke E-Mail Kayla Schimke PhD Student Darrin Schultz E-Mail Darrin Schultz Spencer T Seiler E-Mail Spencer T Seiler PhD Student Lucas Seninge E-Mail Lucas Seninge Kishwar Shafin E-Mail Kishwar Shafin Graduate Student Researcher 831-334-3234 Physical sciences building (PSB), Room 213 Robert Ian Shelansky E-Mail Robert Ian Shelansky Sabrina Belle Shirazi E-Mail Sabrina Belle Shirazi Taylorlyn Stephan E-Mail Taylorlyn Stephan Balaji Sundararaman E-Mail Balaji Sundararaman T Alison Defay Tang E-Mail Alison Defay Tang Nicolette Kristina Thomas E-Mail Nicolette Kristina Thomas Bryan Patrick Thornlow E-Mail Bryan Patrick Thornlow Alexis Marie Thornton E-Mail Alexis Marie Thornton tng E-Mail tng Sebastian Torres Montoya E-Mail Sebastian Torres Montoya Chad Edward Townsend E-Mail Chad Edward Townsend U Vladislav Uzunangelov E-Mail Vladislav Uzunangelov V SREELAKSHMI VELANDI MAROLI E-Mail SREELAKSHMI VELANDI MAROLI Alisa Vershinina E-Mail Alisa Vershinina Postdoctoral Researcher BioMed 124 Roger Sivert Volden E-Mail Roger Sivert Volden W Alana Weinstein E-Mail Alana Weinstein Graduate Student PSB 309 Atesh Kara Worthington E-Mail Atesh Kara Worthington X Yuanqing Xue E-Mail Yuanqing Xue Z Alexander Zee E-Mail Alexander Zee 408-598-7456 Jim C Zheng E-Mail Jim C Zheng A B C D E F G H I J K L M N O P Q R S T U V W X Y Z UCSC This site is maintained by: webmaster@soe.ucsc.eduUC Santa Cruz, 1156 High Street, Santa Cruz, CA 95064Copyright 2020 The Regents of the University of California. All rights reserved. Log In
