Alumni | Jack Baskin School of Engineering Skip to main content Stay Informed:Baskin Engineering COVID-19 Information and ResourcesCampus Roadmap to RecoveryZoom Links: Zoom Help | Teaching with Zoom | Zoom Quick Guide Jack Baskin School of Engineering Technology for a Changing World Navigation Home About Us Academics DepartmentsApplied Mathematics Biomolecular EngineeringPeopleFaculty Graduate Students Researchers Staff Alumni Programs Research Frequently Asked Questions Computational Media Computer Science and Engineering Electrical and Computer Engineering Statistics Degree Programs People Research Quick Links Departments :: Biomolecular Engineering :: PeopleAlumni A B C D E F G H I J K L M N O P Q R S T U V W X Y Z A John Archie E-Mail John Archie Alex Atkins B Robert Baertsch E-Mail Robert Baertsch 8312392531 PSB Room 315 Miriam Bellows E-Mail Miriam Bellows Stephen Benz E-Mail Stephen Benz Andrew Parker Blair E-Mail Andrew Parker Blair Olga Botvinnik E-Mail Olga Botvinnik Sam Boyarsky E-Mail Sam Boyarsky Thomas Andrew Busch E-Mail Thomas Andrew Busch C Allison Carlisle E-Mail Allison Carlisle Paola V. Castro E-Mail Paola V. Castro Chunnuan Chen E-Mail Chunnuan Chen Christa Cheung E-Mail Christa Cheung Sr. BELS Student Tech Undergraduate Research Assistant John Patrick Collins E-Mail John Patrick Collins Andrea V. Corredor Lopez E-Mail Andrea V. Corredor Lopez D Sylvia Do E-Mail Sylvia Do Gregory Dougherty E-Mail Gregory Dougherty E Dent Earl E-Mail Dent Earl Josh L. Espinoza E-Mail Josh L. Espinoza Bioinformatics Analyst (J. Craig Venter Institute) F Ian Talmadge Fiddes E-Mail Ian Talmadge Fiddes Yoav Freund E-Mail Yoav Freund Stanislav Fridland E-Mail Stanislav Fridland G Kiley Graim E-Mail Kiley Graim Brad Gulko H Christopher Hartfield E-Mail Christopher Hartfield Philip Heller E-Mail Philip Heller 650-450-0704 Andrew Hines E-Mail Andrew Hines K Pinal Kanabar E-Mail Pinal Kanabar Shahid Khan E-Mail Shahid Khan Postdoctoral Scholar, Biomolecular Engineering Firas Khatib E-Mail Firas Khatib Kaleem Zia Khwaja E-Mail Kaleem Zia Khwaja Hyunsung John Kim E-Mail Hyunsung John Kim Engineering 2, Room 585 Martina Koeva E-Mail Martina Koeva Thomas Konneker E-Mail Thomas Konneker L Wendy Lee E-Mail Wendy Lee Edward Liaw E-Mail Edward Liaw David Lin Jeffrey C. Long E-Mail Jeffrey C. Long 415-515-8082 Engineering Building 2, Room 514 Craig Lowe M Michelle Marie Maalouf E-Mail Michelle Marie Maalouf Jonathan Magasin E-Mail Jonathan Magasin Allysia Mak E-Mail Allysia Mak Benjamin McCreath E-Mail Benjamin McCreath Kyle Campbell McGovern E-Mail Kyle Campbell McGovern Aleksandar Milosavljevi Javier Morales E-Mail Javier Morales Audrey Lynn Musselman-Brown E-Mail Audrey Lynn Musselman-Brown N Yulia Newton E-Mail Yulia Newton Physical Sciences, Room 313 David Ng E-Mail David Ng Sam Ng E-Mail Sam Ng Nathan Nhat Nguyen E-Mail Nathan Nhat Nguyen O Brendan L. O'Connell E-Mail Brendan L. O'Connell j o E-Mail j o David Oda E-Mail David Oda Dorothy Oliver E-Mail Dorothy Oliver Courtney Onodera E-Mail Courtney Onodera Associate Specialist Sinsheimer, Room 206 P Evan Paull E-Mail Evan Paull 313 PSB Alex Preston Richard Phillips E-Mail Alex Preston Richard Phillips Nico Pierson E-Mail Nico Pierson Andy Pohl E-Mail Andy Pohl Baskin Engineering, Room 215 Corey Powell E-Mail Corey Powell Lecturer, Biomolecular Engineering Physical Sciences, Room 405a R Amie Radenbaugh E-Mail Amie Radenbaugh Engineering 2, Room 514 Hytham Rashad Rashid E-Mail Hytham Rashad Rashid Reem Basel Rashid E-Mail Reem Basel Rashid Neda Ronaghi E-Mail Neda Ronaghi S Daniel Sam E-Mail Daniel Sam Josue Samayoa E-Mail Josue Samayoa John Sanborn E-Mail John Sanborn George Shackelford E-Mail George Shackelford Lori Siao E-Mail Lori Siao Kimmen Sjolander E-Mail Kimmen Sjolander John St. John E-Mail John St. John 831-824-4020 PSB 313 Tim Sterne-Weiler E-Mail Tim Sterne-Weiler Bernard Suh E-Mail Bernard Suh Christopher Szeto E-Mail Christopher Szeto T Ruikang Tao E-Mail Ruikang Tao Muhammad Tariq E-Mail Muhammad Tariq Volunteer, Biomolecular Engineering 831-459-4382 Grant Thiltgen E-Mail Grant Thiltgen Daryl Thomas E-Mail Daryl Thomas Ph.D. 650.281.3785 Alexandra Ann Tutino E-Mail Alexandra Ann Tutino U Rebecca Underwood E-Mail Rebecca Underwood Maelia Jordan Uy-Gomez E-Mail Maelia Jordan Uy-Gomez V Shyamini Vasili E-Mail Shyamini Vasili W Matt Weirauch E-Mail Matt Weirauch Alexander Williams E-Mail Alexander Williams Marcos Woehrmann E-Mail Marcos Woehrmann Chiung-Yuan Wu Y Austin York E-Mail Austin York Z Naveed Ziari E-Mail Naveed Ziari A B C D E F G H I J K L M N O P Q R S T U V W X Y Z UCSC This site is maintained by: webmaster@soe.ucsc.eduUC Santa Cruz, 1156 High Street, Santa Cruz, CA 95064Copyright 2020 The Regents of the University of California. All rights reserved. Log In
