Faculty/Staff Directory | School of Electrical and Computer Engineering at the Georgia Institute of Technology Skip to content Updates on the campus response to coronavirus (COVID-19) Menu Close About ECEWelcome from the Chair School Profile and National Rankings ECE Presence at Georgia Tech Campuses ECE Buildings ECE Advisory Board AcademicsCourses and MajorsUndergraduate Studies Graduate Studies Courses Professional Education Accreditation Academic Enrichment Interdisciplinary Design Commons Scholarships & Financial Assistance AdmissionsUndergraduate Admissions Graduate Admissions OutreachWhy Study ECE? Pre-College Programs College Programs Resources ResearchTechnical Interest GroupsBioengineering Computer Systems and Software Digital Signal Processing Electrical Energy Electromagnetics Electronic Design and Applications Nanotechnology Optics and Photonics Systems and Controls Telecommunications VLSI Systems and Digital Design Research Patents Research Groups & Laboratories Research Centers ECE Faculty Companies Media & CalendarNews and Awards Calendar of Events Graduate Student Events Media Resources Georgia Tech Home Map Directory Offices Contact Apply Give Visit Advisory Board Search Search form Enter your keywords User Navigation Future Students Current Students Faculty & StaffDirectory Faculty/Staff Resources Safety Policy Industry Partners Alumni You are here: GT HomeHomeFaculty & Staff Faculty/Staff Directory Last Name Search Filter by Technical Interest Group AllBioengineeringComputer Systems and SoftwareDigital Signal ProcessingElectrical EnergyElectromagneticsElectronic Design and ApplicationsNanotechnologyOptics and PhotonicsSystems and ControlsTelecommunicationsVLSI Systems and Digital Design Filter by Group - Any -FacultyStaffProfessor EmeritusLeadershipEndowed ChairAdjunct Faculty A B C D E F G H I J K L M N O P Q R S T U V W X Y Z All Chaouki Tanios Abdallah Professor; Exec VP-Research at Georgia Tech email Silja Abraham Postdoctoral Fellow email Kevin Abrams IT Support Prof Sr email 404/894-6409 VL C445 Ali Adibi Professor email 404/385-2738 BH 105 Carlos Javier Agosto Test Technician I email Ha H Ai Appl Developer II email 404/894-3612 Said Salim Hamdan Al Abri Postdoctoral Fellow email Sankaraleengam Alagapan Research Engineer II email Lucretia Allen HR Coordinator email 404/385-5386 VL E278 Mark G Allen Adjunct Professor email 404/894-9419 MiRC 120 Phillip E Allen Professor Emeritus email 404/894-6251 VL E292C Ghassan AlRegib Professor email 404/894-7005 Cent 5224 David V Anderson Professor email 404/385-4979 TSRB 543 Jacquelyne Anderton Financial Admin I email NEETRAC Azadeh Ansari Assistant Professor email TSRB 544 Manos Antonakakis Associate Professor email 404/385-2534 Klaus 3366 Perry Thomas Arrington Test Technician II email NEETRAC Teresa Askew Asst to the Chair II email 404/894-4468 VL W215 Farrokh Ayazi Professor email 404/894-9496 TSRB 448 Sohail Bahmani Postdoctoral Fellow email Cent 5230-P Muhannad S Bakir Professor email 4043856276 Marcus 4135 Christopher F Barnes Associate Professor email 404/894-5686 Cent 5191 Thomas P Barnwell III Professor Emeritus email 404/894-2914 John R Barry Professor email 404/894-1705 Cent 5136 Mark Bean Financial Admin III email 404/894-2507 VL W236E Brian Michael Beck Academic Professional email Brian G Bennett Shipping & Receiving Supv email 404/894-4685 Klaus 1226 Raheem A Beyah Professor; Vice President for Interdisciplinary Research email Klaus 2308 Nivedita Bhattacharya Lecturer email VL W331 Pamela T Bhatti Associate Professor; Associate Chair for Innovation email Cent 5247 Malcolm M Bibby Adjunct Professor email Samuel Bignardi Research Engineer II email Venese P Blake-Leggett Admin Professional Sr email 404/894-7890 Cent 5166 Matthieu Ratoslav Bloch Associate Professor email 404/385-4825 TSRB 442 Douglas M Blough Professor; Associate Chair for Faculty Development email 404/385-1271 Klaus 3356 Christina M Bourgeois Senior Academic Professional email 404/894-9597 VL E266 Bertrand P Boussert Adjunct Professor email 999/999-9999 Oliver Brand Professor email 404/894-9425 Marcus 4133 Timothy J Brothers Professor of the Practice email 404/407-7079 VL 329 Chance Brown Dir-Business Ops email VL 288 Nisaa Buchanan Admin Professional III email 404/385-4155 VL 215 John A Buck Professor Emeritus email VL E396F Amber C Burke Admin Professional Sr email TSRB 416 Caitlin Buro Development Asst Sr email VL 292 Aubrey M Bush Professor Emeritus email 404/385-1460 Wenshan Cai Associate Professor email 404.894.8911 MiRC 213 Vince Calhoun Adjunct Professor email William R Callen Jr Professor Emeritus email 404/894-2919 VL W407 Charles Calloway Electrical Tech II email Ningyuan Cao Postdoctoral Fellow email Brandon Thell Carroll Postdoctoral Fellow email Anita M Carter Financial Admin III email NEETRAC Candy Champion Financial Admin III email 404/675-1863 NEETRAC Thomas C Champion III Research Engineer II email 404/675-1867 NEETRAC Gee-Kung Chang Professor email 404/385-2712 Cent 5120 Yusun Chang Adjunct Professor email Yunkyung Chang-Hoffman Program & Ops Mgr email VL 331 Abhijit Chatterjee Professor email 404/894-1880 Klaus 1352 Gong Chen Postdoctoral Fellow email Minkyu Cho Research Engineer II-LT email David S Citrin Professor email 404/894-2000 MIRC 211 Mark A Clements Professor Emeritus email Cent 5226 Tristan N Cline Research Engineer I email NEETRAC Jeanetta Clinton Admin Professional Sr email Cent 5235 Jason Michael Clute Research Coordinator I email 4046751801 NEETRAC Morris B Cohen Associate Professor email 404/894-8415 VL W511 George J Cokkinides Visiting Professor email 404/435-1833 Jeffrey M Colburn Dir-Development II email 404/894-0274 Thomas R Collins Principal Research Engineer email 404/407-6022 VL C449A Christopher S Connelly IT Support Prof II email 404/675-1844 NEETRAC Joseph A Connelly Professor Emeritus email 404/894-2911 VL W327 Leyla Sutcu Conrad Principal Acad Professional email 404/385-0439 VL W325 Thomas Conte Professor email 404/385-7657 Klaus 2334 Samuel Coogan Assistant Professor email 404/385-2402 TSRB 437 John A Copeland Professor Emeritus email Klaus 3362 Edward J Coyle Professor email 404/894-8136 Klaus 3132 John D Cressler Professor email 404/894-5161 TSRB 521 Marion Crowder Instr'l Media Producer email 404/385-1530 VL E483 David S Dagon Senior Research Scientist email Fanchette R Danmola IT Support Prof Sr email 404/894-2199 TSRB 515 Anosh Dorab Daruwalla Research Engineer I-LT email Bryan R Davant Test Technician II email 4046751856 NEETRAC Mark Andrew Davenport Associate Professor email 404/894-2881 Cent 5212 Desta Davidson Faculty Support Coord email 404/385-5354 Cent 5141 Jeffrey A Davis Associate Professor email 404/894-4770 Klaus 3314 F Levent Degertekin Professor email 404/385-1357 Love 320 Erica Demar Research Coordinator I email Theeradetch Detchprohm Senior Research Engineer email 404/385-2403 BH 276 Stephen P DeWeerth Professor Emeritus email Linda Dillon Asst Dir-Admin Ops email 404/894-7574 VL E282 Deepakraj M Divan Professor email 404/385-4036 BH 119 Patricia A Dixon Financial Mgr II email 404/385-0944 Cent 5193 Melissa Donahoe Financial Admin Lead email 404/894-9835 William Alan Doolittle Professor email 404/894-9884 MIRC 209 Griffin Driskell Research Engineer I email Russell Dean Dupuis Professor email 404/385-6094 BH 201 Gregory David Durgin Professor email 404/894-2951 VL 507 Leslie Arnold Durham Financial Admin Lead email 404/894-2961 VL 236B Emre Durna Postdoctoral Fellow email Eva Lauren Dyer Assistant Professor / ECE Adjunct email 404/894-4738 UA Whitaker, Suite 3 Magnus Egerstedt Steve W. Chaddick School Chair; Professor email 404/894-4468 VL W215 Angela Elleby Academic Advising Mgr email VL W212 Stacy A Elledge Test Technician III email 4046751802 NEETRAC Stanislav Emelianov Professor email 404/385-0373 MoSE 4100M Elham Erfani Postdoctoral Fellow email Yan Fang Postdoctoral Fellow email Yunnan Fang Research Scientist II email 404/385-6384 Fariborz Farahmand Senior Research Engineer email 404/894-7008 Klaus 1356 Michael D Farrell Adjunct Professor email Robert King Feeney Professor Emeritus email Faramarz Fekri Professor email 404/894-3335 Cent 5238 Bonnie H Ferri Professor; Vice Provost email 404/894-3145 Kevin Peter Ferri Electronics Engr email 404/385-2539 VL C352 James D Foley Professor Emeritus email 404/385-1467 Dana J. Foster Admin Mgr I email 404/894-2973 VL 311 David Frakes Associate Professor email TEP 214 Albert B Frazier Professor email 404/894-2030 MiRC 223 Canek Fuentes Hernandez Principal Research Scientist email 404/385-5165 MoSE 4272 Durga Rao GaJula Postdoctoral Fellow email 404/385-6678 Ashlee Anita Gardner Communications Mgr email 404/894-2911 VL E296D William Robert Garrison IT Support Prof Sr email Ada Gavrilovska Habl Associate Professor / ECE Adjunct email 404/894-0387 Thomas K Gaylord Regents Professor email 404/894-2931 VL W419 Gary G Gimmestad Retired Lecturer / ECE Adjunct email GTRI Joseph Goldenburg Senior Research Engineer email 4046751858 NEETRAC Lukas Graber Assistant Professor email 404.894.2726 VL W327 Nikkia L Green Faculty Support Coord email Klaus 3318 Santiago Carlos Grijalva Professor email 404/894-2974 VL E284 Thomas G Habetler Professor email 404/894-9829 VL E172 Wassim M Haddad Professor / ECE Adjunct email 404/894-1078 James O Hamblen Professor email 404/894-3027 Klaus 3308 Benoit Raymond Jacques Hamelin Postdoctoral Fellow email Robert Nigel Hampton Principal Research Engineer email 404/675-1831 NEETRAC Callie Hao Postdoctoral Fellow email Christopher Harper Test Technician I email NEETRAC Joyelle J Harris Senior Academic Professional email 404/894-8365 VL E270 Jennifer Olson Hasler Professor email 404/894-2984 TSRB 405 Monson H Hayes III Professor Emeritus email 912/963-2571 Jean Carlos Hernandez-Mejia Research Engineer II email 404/675-1882 NEETRAC Felix Herrmann Professor email +1 404 3857069 Coda S1375B Sinan Hersek Research Engineer II email David Richard Hertling Retired Assoc Chair-Academic email 404/894-2900 VL W208/W331 Richard J Higgins Professor Emeritus email Raymond C Hill Senior Research Technologist email 404/675-1881 NEETRAC Anna Newsome Holcomb Lecturer email 404/894-2924 VL E276 John W Hooper Retired Regents Professor email 404/894-8326 Amir Hossein Hosseinnia Research Engineer II email Toccara Elise Houston Program Support Coord email 404/894-2654 TSRB 439 Ayanna MacCalla Howard Professor; Chair for the School of Interactive Computing email 404/385-4824 TSRB 211 Barbara K Howard Academic Advisor II email 404/385-1661 VL W208 Chin-Wei Hsu Postdoctoral Fellow email Joseph L Hughes Professor email 404/894-2975 VL W405 William D Hunt Professor email 404/894-2945 MiRC 221 Jae Hur Postdoctoral Fellow email Seth Andrew Hutchinson Director Academic / ECE Adjunct email Nancy G Hutton Financial Admin III email 404/385-2137 Peter L Huynh IT Support Prof Mgr email 404/894-7346 Klaus 1346 Omer T Inan Associate Professor email 404/385-1724 TSRB 417 Mitsuko Ito Admin Professional III email 404/385-6095 BH 201A Alison Mignon Jackson Admin Professional Sr email 404/894-8327 TSRB 511 Hossein Jalili Postdoctoral Fellow email Nikil S Jayant Professor Emeritus email 404/894-7285 Cent 5114 Chuanyi Ji Associate Professor email 404/894-2393 Cent 5165 Zhiyang Jin Research Engineer II email Kevin Toby Johnson Senior Lecturer email 404/692-2487 MiRC 222 Yogendra K Joshi Professor email 404/385-2810 Edward B Joy Professor Emeritus email 303/545-5566 Biing Hwang Juang Professor email 404/894-6618 Cent 5173 Prateek Juyal Postdoctoral Fellow email Edward W Kamen Professor Emeritus email 404/894-2994 Rajendra Prasad Kandula Senior Research Engineer email 404/385-5388 BH 226 Andrei B Karpiouk Senior Research Scientist email 404/385-1161 MoSE 4161 Mohanalingam Kathaperumal Senior Research Scientist email David C Keezer Professor email 404/894-4741 Klaus 1360 James Stevenson Kenney Professor email 404/894-5170 TSRB 545 Angelos D Keromytis Professor email Klaus 3362 Asif Islam Khan Assistant Professor email MiRC 115 Bernard J Kippelen Professor email 404/385-5163 MoSE 4239 Benjamin D.B. Klein Associate Professor; Associate Chair for Graduate Affairs email 404/894-2904 VL 208 Tushar Krishna Assistant Professor email 404/894-9483 Klaus 2318 Gregory A. Krudysz Research Engineer II email 404/894-2670 Kelsey Paige Kubelick Research Scientist II-LT email Olivia Kulisz Corporate Relations Mgr email Thomas Jonathan Lancaster Research Engineer I email NEETRAC Aaron D Lanterman Professor email 404/385-2548 VL W431 Adriene Lee Financial Mgr II email 404/894-2610 Chin-Hui Lee Professor email 404/894-7468 Cent 5180 Charles Cauthen Lever Jr. Research Engineer II email Frank Li Assistant Professor email CODA E1078B Shaolan Li Assistant Professor email TSRB 419 Sung-Kyu Lim Professor email 404/894-0373 Klaus 2360 Brooks Lindsey Assistant Professor / ECE Adjunct email 404/385-6647 UA Whitaker 2107 Fuhan Liu Senior Research Engineer email 404/385-6320 MaRC 154 Alexandre Daniel Locquet Adjunct Assistant Professor email Nelson E Lourenco Senior Research Engineer / ECE Adjunct email 404/407-8624 Min Luo Adjunct Lecturer email Janine Allison Lyn Faculty Support Coord email 404/894-2964 VL W321 Xiaoli Ma Professor email 404/385-7456 Cent 5181 Vijay K Madisetti Professor email 404/385-6409 Klaus 1362 Christopher Malbrue Academic Program Mgr I email 404/385-4443 Klaus 3130 Gary S May Adjunct Professor email Keith May IT Support Prof Lead email 404/385-0943 Klaus 1344 James H McClellan Professor email 404/894-8325 Cent 5220 Jackson Cameron McCormick Postdoctoral Fellow email Steven W McLaughlin Professor; Provost/Executive Vice President-Academic Affairs email 404/894-6825 VL W215 Frank Mehnke Postdoctoral Fellow email A P Meliopoulos Professor email 404/894-2926 VL E164 Siri G Melkote Asst Dir-Financial Ops email 404/894-7337 VL 236F Russell M Mersereau Regents Professor Emeritus email 404/894-2913 Cent 5224 Jennifer E Michaels Retired Professor email VL E392A Faith Carmichael Midkiff Faculty Support Coord email 404/894-1295 Klaus 2358 Gregory Mihalik Professor of the Practice, Technology Entrepreneurship email Cent 5142 Linda S Milor Professor email 404/894-4793 Klaus 1354 Steven Mints IT Support Prof I email MiRC 122 Michael F Mitchell Research Ops Prog Mgr email 404/385-8122 Klaus 1348 Daniel Molzahn Assistant Professor email 404/894-1876 VL E176 Vincent J Mooney Associate Professor email 404/385-0437 Klaus 2350A Elliot Moore II Associate Professor; Assoc Chair for Undergraduate Affairs email 404/385-7354 Cent 5190 Rosaland Moss Financial Admin III email 404/894-5171 MiRC 209 Saibal Mukhopadhyay Professor email 404/894-2688 Klaus 2356 Vidya Muthukumar Affiliate-ShortTerm Res/Acces email Azad J Naeemi Professor email 404/894-4829 MiRC 216 Kristine S Nagel Academic Professional email 404/385-5537 VL E180 Alexander Gabriel Neal Acad & Res IT Supp Engr Sr email Jacqueline L Nemeth Communications Mgr email 404/894-2906 VL E296C Bao Quang Nguyen IT Support Prof Sr email 404/894-7472 VL 463D Gustav Nilsson Postdoctoral Fellow email 404/894-2478 Logan O'Hara Research Engineer I email Young Woo OK Senior Research Engineer email 404/385-6496 VL 253 Nykia Lewis Olds Financial Admin III email 404/385-6580 Abdallah Ougazzaden Professor email 0033387203923 GTL Henry L Owen III Professor email 404/894-4126 Klaus 3358 Tevhide Ozkaya Ahmadov Postdoctoral Fellow-NE email Salvador Palafox Principal Research Engineer email NEETRAC Jeongsoo Park Research Engineer I email Thomas J Parker Senior Research Technologist email 404/675-1876 NEETRAC Katrina L Patton Academic Advisor II email 404/385-1662 VL 204B Alexander C Pearson Test Technician II email John B Peatman Professor Emeritus email 404/894-2950 Rhea Monet Perkins Program & Ops Mgr email 404/894-6617 Cent 5164 Andrew F. Peterson Professor email 404/894-4697 VL W503 Kevin Q Pham Electronics Engr email 4048942960 VL C352 Pietro Pierpaoli Postdoctoral Fellow email Etta Pittman Dir-Development II email 404/894-6888 VL 292B Raquel Plaskett Faculty Support Coord email 404/385-0040 Cent 5235 Anil Babu Poda Research Engineer II email NEETRAC Rachel Melton Ponder Web Developer Mgr email 404/894-1772 Klaus 1342 Sharon J Pugh Admin Professional Sr email 404/894-3782 VL E492 Hans B Puttgen Professor Emeritus email 404/894-2927 Stephen E Ralph Professor email TSRB 505 Dale C Ray Professor Emeritus email Arijit Raychowdhury Professor email 404/894-1789 Klaus 2362 William Terrill Rhodes Professor Emeritus email 404/894-6978 Julie L Ridings Academic Program Mgr I email 404/894-4707 VL E470 Caryn Riley Senior Research Engineer email 404/675-1887 NEETRAC Gabriel A Rincon-Mora Professor email 404/385-2768 VL 482 Tschnadia Robinson Academic Program Coord I email 404/894-2900 VL 208 Robert Allen Robinson Jr Senior Academic Professional email 404/894-0176 VL E388 Francisco Robles Assistant Professor / ECE Adjunct email U.A. Whitaker 3110 Oscar Rodriguez Test Technician II email 404/675-1899 NEETRAC Ajeet Rohatgi Regents Professor email 404/894-7692 VL W121 Justin Romberg Professor; Associate Chair for Research email 404/894-3930 Cent 5227 Brian C Rounsaville Research Scientist II email 404/894-8128 VL W110 Vikram Roy Chowdhury Postdoctoral Fellow email Brandon Royal Electrical Engr II email Christopher John Rozell Professor email 404/385-7671 Cent 5218 Maryam Saeedifard Associate Professor email 404/894-4834 VL E168 Mohsen Safaei Mohammadabadi Postdoctoral Fellow email Brendan D Saltaformaggio Assistant Professor email 404/894-8362 Klaus 2314 Oluwaseun Sangodoyin Postdoctoral Fellow email A. Fatih Sarioglu Associate Professor email 404/894-5032 MiRC 217 Rahul Saxena Research Associate II email 404.385.0209 Ronald W Schafer Professor Emeritus email Suzanne C Schmidle Research Ops Prog Mgr email NEETRAC Christian Schuster Affiliate-Instruct/Counseling / ECE Adjunct email Tammy D Scott Faculty Support Coord email 404/385-0429 MIRC 207 Waymond R Scott Professor email 404/894-3048 VL W307 Nordine Sebkhi Postdoctoral Fellow email Suresh K Sharma Research Associate II email 404/385-5387 BH 226 Shyh-Chiang Shen Professor email 404/894-1884 BH 307 Wonbo Shim Research Engineer II-LT email Wen Shu Research Engineer II email 404/675-1895 NEETRAC Amit Kumar Sikder Postdoctoral Fellow email Raghupathy Sivakumar Professor email 404/385-2257 Cent 5165 Scott D Sladek Financial Mgr II email 404/385-7558 TSRB 508 Glenn S Smith Regents Professor Emeritus email 404/894-2922 VL W329 William W Smith Senior Academic Professional email 404/894-3185 VL E396B Julia M Sonnenberg-Klein Asst Dir-VIP Programs email 404/894-9362 Klaus 3128 Daniela Staiculescu Senior Academic Professional email 404/894-3532 VL W208 Anthony Andrew Stargill Academic Advisor II email VL 206B Paul G Steffes Retired Professor email 404/894-3128 VL W513 James B Steinberg Electronics Engr email 404/894-9683 VL C352 Gordon L Stuber Professor email 404/894-2923 Cent 5138 Kendall L Su Regents Professor Emeritus email 404/894-2943 Dylan Harrison Summer Quality Mgt Analyst email NEETRAC Brandi Elizabeth Swain Test Technician I email Madhavan Swaminathan Professor email Klaus 1358 David G Taylor Professor email 404/894-8910 VL 474 Emmanouil M Tentzeris Professor email 404/385-6006 TSRB 539 Ann L Terka Spons Res Consult/Fin Mgr I email 404/385-6485 VL E296A Tasha M Torrence Academic Advising Mgr email 404/894-6251 VL W208 Yi-Chang James Tsai Professor / ECE Adjunct email 404/385-6428 Panagiotis Tsiotras Professor / ECE Adjunct email Rao R Tummala Retired RBW-Faculty email Ajay D Upadhyaya Senior Research Engineer email 404/894-4094 VL C107 Vijaykumar D Upadhyaya Research Engineer I email 404/385-6799 BH 310 George Vachtsevanos Professor Emeritus email 404/894-6252 VL E392 Kyriakos G Vamvoudakis Assistant Professor / ECE Adjunct email Knight Building 415B Donald VanderLaan Research Engineer I-LT email 404/385-1161 MoSE 4161 Patricio Antonio Vela Associate Professor email 404/894-8749 TSRB 441 Erik I Verriest Professor email 404/894-2949 VL 492 Raymond P Vito Retired RBW Faculty-Instruction email Kathleen Forbes Vogt Extension Professional II email 404/894-2407 Paul L Voss Associate Professor email GTL Anna M Walker Dir-Development I email 404/894-2273 VL E292 Christine Sun Wang Appl Developer Sr email 404/385-1217 Klaus 1350 Hua Wang Associate Professor email 404/385-6003 TSRB 534 Yang Wang Professor / ECE Adjunct email 404/894-1851 Mason 4160 Yorai Wardi Professor email 404/894-8326 TSRB 429 Chelcea H Warren Academic Program Mgr I email 404/385-7353 Cent 5248 Teresa Watkins Academic Advisor II email 404/894-2930 VL W208 Roger P Webb Professor Emeritus email 404/385-4954 MGMT Mary Ann Weitnauer Professor; Senior Associate Chair email 404/894-9482 Cent 5140 Haoran Wen Research Engineer II email 404/317-7766 Kevin Thomas Whitmore Research Engineer I-LT email David Wilkins Test Technician I email NEETRAC Douglas B Williams Professor; Associate Dean for Administration and Finance email 404/894-9832 F Dean Williams Research Coordinator II email 404/675-1817 NEETRAC Thaddeus M Willis Maintenance Worker II email 404/675-1890 NEETRAC Linda M Wills Associate Professor email 404/894-4565 Klaus 3310 Lorie Wooten Admin Professional Sr email 404/894-4300 Klaus 3318 Zachariah A Worley Facilities Mgr Sr email 404/894-6227 VL 319 Laquita C Wright Financial Mgr II email 404/675-1877 NEETRAC Yi-Da Wu Research Engineer II-LT email Yao Xie Associate Professor / ECE Adjunct email Groseclose 339 Ningshi Yao Postdoctoral Fellow email Anthony Joseph Yezzi Professor email 404/385-1017 TSRB 427 Doug Yoder Associate Professor email 404/385-2652 BH 219 Jonghyeok Yoon Postdoctoral Fellow email Shimeng Yu Associate Professor email 404/894-2571 MiRC 116 Alenka Zajic Associate Professor email 404/556-7149 TSRB 415 Gebreab Zewdie Research Engineer II email Fumin Zhang Professor email 404/385-2751 TSRB 406 Ying Zhang Professor email 404/385-3018 VL E478 Ye Zhao Assistant Professor / ECE Adjunct email 404/894-3061 GTMI 437 Tong Zhou Professor email 404/894-2907 Cent 5242 Jinping Zhu Academic Program Mgr I email 404/385-1341 Cent 5245 Muneeb Zia Research Engineer II email Resources Georgia Tech Resources Offices & Departments News Center Campus Calendar Special Events GreenBuzz Institute Communications Visitor Resources Campus Visits Directions to Campus Visitor Parking Information GTvisitor Wireless Network Information Georgia Tech Global Learning Center Georgia Tech Hotel & Conference Center Barnes & Noble at Georgia Tech Ferst Center for the Arts Robert C. Williams Paper Museum Georgia Institute of TechnologyNorth Avenue, Atlanta, GA 30332Phone: 404-894-2000 Emergency InformationLegal & Privacy InformationHuman Trafficking NoticeTitle IX/Sexual MisconductEU General Data Protection Regulation Privacy NoticeAccessibilityAccountabilityAccreditationEmployment 2020 Georgia Institute of Technology Facebook LinkedIn Twitter YouTube 2020 Georgia Institute of Technology
