Postdocs | MIT Department of Earth, Atmospheric and Planetary Sciences Jump to navigation Home Directory Department Resources Contact Us Search form Search About Faculty & Research Education Prospective Students News & Events Giving & Alumni MIT EAPS Directory All Update My Information Faculty and Senior Researchers Students Postdocs Researchers StaffAdministrative Staff Technical Staff Headquarters Staff EAPS Education Office Instructors Finance Team Communications Team Development and Alumni Relations Human Resources Center for Global Change Science Earth Resources Laboratory Lorenz Center MIT-WHOI Joint Program (MIT Office) Visitors Research Area Select Research CategoryAtmospheresClimateGeobiologyGeochemistryGeologyGeophysicsOceansPlanetary Group Select Group Earth Resources Laboratory MIT/WHOI Joint Program O'Gorman GroupAlumni and Development OfficeBabbin GroupBergmann GroupBinzel GroupBosak GroupBosh GroupBowring GroupBoyle GroupBurchfiel GroupCahoy GroupCarr GroupCenter for Global Change ScienceCollette HealdCommunications OfficeCronin Group Cronin GroupCziczo Groupde Kleer Groupde Wit GroupDemanet GroupDeMeo GroupDurham GroupEarth Resources LaboratoryEducation OfficeEmanuel GroupEntekhabi GroupEvans GroupFehler GroupFerrari GroupFinance OfficeFlierl GroupFollows GroupFournier GroupFrank GroupFrey GroupGreg Fournier GroupGrove GroupHager GroupHeadquarters StaffHeald GroupHeimbach GroupHerring GroupHill GroupHuman Resources OfficeIllari GroupJagoutz GroupJuanes GroupKing GroupLaurent GroupLindzen GroupLorenz CenterMarshallMarshall GroupMcGee GroupMichael RichardMinchew GroupMIT-WHOI Joint ProgramMIT/WHOI Joint ProgramMorgan GroupNakata GroupO'Gorman GroupOnoOno GroupPaul O'GormanPe GroupPerron GroupPerson GroupPlumb GroupPrieto GroupPrinn GroupRaffaele FerrariRavela GroupRizzoli GroupRothman GroupRoyden GroupSchlichting GroupSchlosser GroupSchool of ScienceSeager GroupSelin GroupSoderblom GroupSolomon GroupSummonsSummons GroupTaylor PerronToksz Groupvan der Hilst GroupWallace ObservatoryWang GroupWeiss GroupWisdom GroupWunsch GroupZuber Group MIT EAPS Directory Showing: 1 - 50 of 53 Pages: 1 next Name Position Group Contact Aden, Florent Postdoctoral Associate Frank Group Alkhairy, Samiya Postdoctoral Fellow Toksz Group, Demanet Group 54-317 samiya@mit.edu Allen, Brandon Postdoctoral Associate Ferrari Group 54-1624 ballen@mit.edu Bai, Tong Postdoctoral Associate Nakata Group tbai@mit.edu Biersteker, John Postdoctoral Associate Weiss Group jo22395@mit.edu Birch, Samuel Postdoctoral Fellow Perron Group, Soderblom Group sbirch@mit.edu Bire, Suyash Postdoctoral Associate Marshall Group 54-1517 Borer, Benedict Postdoctoral Associate Babbin Group bborer@mit.edu Britten, Gregory Postdoctoral Fellow Follows Group 54-1515 gbritten@mit.edu Burdanov, Artem Postdoctoral Associate de Wit Group 54-1726 burdanov@mit.edu Casey, John Postdoctoral Fellow Follows Group 54-1511 jrcasey@mit.edu Ciccarese, Davide Postdoctoral Associate Babbin Group davidec@mit.edu Corlies, Paul Postdoctoral Associate Soderblom Group 54-511 pcorlies@mit.edu Dittmann, Jason Postdoctoral Fellow Seager Group 37-438F jasondit@mit.edu Evans, Thomas Postdoctoral Associate Summons Group E25-610 evanstw@mit.edu Eyster, Athena Postdoctoral Associate Bergmann Group 54-1122 aeyster@mit.edu Fang, Hongjian Postdoctoral Associate van der Hilst Group 54-526 hfang@mit.edu Gong, Jian Postdoctoral Associate Bosak Group E25-653 617-324-3953 gojian@mit.edu Huang, Ya Huei Postdoctoral Associate Soderblom Group 54-526 yahuei@mit.edu Jost, Adam Research Scientist Bergmann Group 54-1025 617-452-2784 abjost@mit.edu Koll, Daniel Postdoctoral Fellow Cronin Group 54-1823 dkoll@mit.edu Krein, Stephanie Brown Postdoctoral Associate Grove Group 54-1210 617 253 2876 brownsm@mit.edu Lantz, Cateline Postdoctoral Associate Binzel Group 54-416 617 324 8132 clantz@mit.edu Lickley, Megan Postdoctoral Associate Solomon Group 54-1713 617 253 0136 mlickley@mit.edu Marsset, Michael Postdoctoral Associate Binzel Group 54-427 mmarsset@mit.edu Mittal, Tushar Postdoctoral Fellow (EAPS Distinguished Crosby Fellow) Jagoutz Group 54-1126 tmittal2@mit.edu Owladeghaffari, Hamed Postdoctoral Associate Pe Group 54-1118 hoghaff@mit.edu Petkowski, Janusz Research Scientist Seager Group 54-1726 617 258 6910 jjpetkow@mit.edu Rackham, Benjamin 51 Pegasi b Postdoctoral Fellow de Wit Group 54-1726 brackham@mit.edu Rangel, Thiberio Lira Diniz Postdoctoral Associate Fournier Group 54-1018 thiberio@mit.edu Rao, Deepa Postdoctoral Associate Follows Group, MIT/WHOI Joint Program 54-1519 508 289 1111 drao@mit.edu Rezeau , Herv Postdoctoral Fellow Jagoutz Group 54-1126 hrezeau@mit.edu Ruan, Xiaozhou Postdoctoral Associate Ferrari Group 54-1622 xruan@mit.edu Ryberg, Eric Postdoctoral Associate Ono Group E25 Rye, Craig Postdoc Marshall Group Off Campus - NASA Goddard Institute - NY, NY crye@mit.edu Schloss, James Postdoc Ferrari Group 54-1516 jars@mit.edu Schmidt, Morgan Postdoctoral Associate Perron Group Ser Giacomo, Enrico Postdoctoral Associate Follows Group 54-1422 enricosg@mit.edu Shah, Jay Postdoctoral Associate Weiss Group 54-712 6172521974 jayshah@mit.edu Shawar, Lubna Postdoctoral Fellow Summons, Ono E25-645 lubnas@mit.edu Sheng, Jianxiong Research Scientist Prinn Group, Center for Global Change Science 54-1326 shengj@mit.edu Troein, Elizabeth Shoenfelt EAPS Distinguished/Crosby Postdoctoral Fellow Babbin Group shoen@mit.edu, troein@mit.edu Ultee, Lizz Postdoctoral Associate Minchew Group 54-527 ehultee@mit.edu Uveges, Benjamin Postdoctoral Associate Summons Group E25-601 (617) 253-09710 buveges@mit.edu Vervelidou, Foteini Postdoctoral Fellow Weiss Group 54-618 foteini@mit.edu Wakita, Shigeru Postdoctoral Associate Soderblom Group Off campus at Purdue University shigeru@mit.edu Wang, Qingyu Postdoctoral Associate Frank Group qinguwa@mit.edu Williams, James Postdoctoral Associate Marshall Group Goddard Institute, NY jwilli@mit.edu Wong, Ian Postdoctoral Fellow Binzel Group 54-416 iwong@mit.edu Wu, Zhen Postdoctoral Associate Follows Group 54-1515 zhenwu@mit.edu Showing: 1 - 50 of 53 Pages: 1 next DEPARTMENT PRINCIPLES OF COMMUNITY Home Contact Us Maps & Directions MIT DirectorySite MapAccessibility 2020MASSACHUSETTS INSTITUTE OF TECHNOLOGY DEPARTMENT OF EARTH, ATMOSPHERIC AND PLANETARY SCIENCES 77 MASSACHUSETTS AVENUE, 54-918, CAMBRIDGE, MA 02139 Photo Credit: Disease Biophysics Group, Harvard University
